package,name,composable,skippable,restartable,readonly,inline,isLambda,hasDefaults,defaultsGroup,groups,calls,
com.kimd13.homepresentation.view.HomeScreen,HomeScreen,1,1,1,0,0,0,0,0,1,2,
com.kimd13.homepresentation.view.ExpandingScreen,ExpandingScreen,1,1,1,0,0,0,0,0,1,1,
com.kimd13.homepresentation.view.HomeScreenPreview,HomeScreenPreview,1,1,1,0,0,0,1,0,2,1,
com.kimd13.homepresentation.view.HomeScreenDarkPreview,HomeScreenDarkPreview,1,1,1,0,0,0,0,0,1,1,
com.kimd13.homepresentation.view.HomeScreenReadyForSearchPreview,HomeScreenReadyForSearchPreview,1,1,1,0,0,0,0,0,1,1,
com.kimd13.homepresentation.view.HomeScreenReadyForSearchDarkPreview,HomeScreenReadyForSearchDarkPreview,1,1,1,0,0,0,0,0,1,1,
com.kimd13.homepresentation.view.HomeScreenNoResultsPreview,HomeScreenNoResultsPreview,1,1,1,0,0,0,0,0,1,1,
com.kimd13.homepresentation.view.HomeScreenNoResultsDarkPreview,HomeScreenNoResultsDarkPreview,1,1,1,0,0,0,0,0,1,1,
com.kimd13.homepresentation.view.HomeScreenLoadingPreview,HomeScreenLoadingPreview,1,1,1,0,0,0,0,0,1,1,
com.kimd13.homepresentation.view.HomeScreenLoadingDarkPreview,HomeScreenLoadingDarkPreview,1,1,1,0,0,0,0,0,1,1,
com.kimd13.homepresentation.view.loading.LoadingContent,LoadingContent,1,1,1,0,0,0,0,0,1,1,
com.kimd13.homepresentation.view.loading.LoadingContentPreview,LoadingContentPreview,1,1,1,0,0,0,0,0,1,1,
com.kimd13.homepresentation.view.loading.LoadingContentDarkPreview,LoadingContentDarkPreview,1,1,1,0,0,0,0,0,1,1,
com.kimd13.homepresentation.view.noResults.NoResultsContent,NoResultsContent,1,1,1,0,0,0,0,0,1,1,
com.kimd13.homepresentation.view.noResults.NoResultsContentPreview,NoResultsContentPreview,1,1,1,0,0,0,0,0,1,1,
com.kimd13.homepresentation.view.noResults.NoResultsContentDarkPreview,NoResultsContentDarkPreview,1,1,1,0,0,0,0,0,1,1,
com.kimd13.homepresentation.view.success.PageController,PageController,1,1,1,0,0,0,0,0,1,1,
com.kimd13.homepresentation.view.success.PageControllerPreview,PageControllerPreview,1,1,1,0,0,0,0,0,1,1,
com.kimd13.homepresentation.view.success.PageControllerDarkPreview,PageControllerDarkPreview,1,1,1,0,0,0,0,0,1,1,
com.kimd13.homepresentation.view.success.QuickGlanceCharacterCard,QuickGlanceCharacterCard,1,1,1,0,0,0,0,0,1,1,
com.kimd13.homepresentation.view.success.toStringComposed,toStringComposed,1,0,0,0,0,0,0,0,6,4,
com.kimd13.homepresentation.view.success.QuickGlanceCharacterCardPreview,QuickGlanceCharacterCardPreview,1,1,1,0,0,0,0,0,1,1,
com.kimd13.homepresentation.view.success.QuickGlanceCharacterCardDarkPreview,QuickGlanceCharacterCardDarkPreview,1,1,1,0,0,0,0,0,1,1,
com.kimd13.homepresentation.view.success.SuccessContent,SuccessContent,1,1,1,0,0,0,0,0,1,2,
com.kimd13.homepresentation.view.success.SuccessContentPreview,SuccessContentPreview,1,1,1,0,0,0,0,0,1,1,
com.kimd13.homepresentation.view.success.SuccessContentDarkPreview,SuccessContentDarkPreview,1,1,1,0,0,0,0,0,1,1,
